date,cape
1881-01-01,18.473952301404932
1881-02-01,18.147258164990223
1881-03-01,18.270119140204987
1881-04-01,17.95010827822288
1881-05-01,18.869718693152585
1881-06-01,19.02871073111578
1881-07-01,18.11636718738974
1881-08-01,17.28624355397345
1881-09-01,16.724836648772893
1881-10-01,16.261989411181347
1881-11-01,16.478642316644866
1881-12-01,15.958754206105072
1882-01-01,15.678764160028733
1882-02-01,15.153861528363034
1882-03-01,15.091670299486738
1882-04-01,14.91699716837529
1882-05-01,14.567103202191758
1882-06-01,14.327404890131666
1882-07-01,15.240559761217819
1882-08-01,15.525429331463025
1882-09-01,16.08110662446231
1882-10-01,15.75558103052655
1882-11-01,15.192670313165337
1882-12-01,15.382128332081974
1883-01-01,15.270259119098574
1883-02-01,14.757590146176224
1883-03-01,15.051254121401636
1883-04-01,15.48206722203667
1883-05-01,15.335497637337065
1883-06-01,15.903388388583798
1883-07-01,15.94878312701703
1883-08-01,15.196810876629849
1883-09-01,15.494692425793458
1883-10-01,15.048056270223837
1883-11-01,15.408218142448867
1883-12-01,14.896403941887165
1884-01-01,14.432821721970727
1884-02-01,14.80596022881671
1884-03-01,14.73602345401447
1884-04-01,14.353453682579476
1884-05-01,13.465050313804909
1884-06-01,12.906876483666863
1884-07-01,13.04393158599167
1884-08-01,13.859813341769325
1884-09-01,13.569154744335721
1884-10-01,13.273251319134157
1884-11-01,13.304437602119728
1884-12-01,13.432292746944766
1885-01-01,13.129817425635963
1885-02-01,13.384817593597967
1885-03-01,13.734194093452516
1885-04-01,13.54854854103006
1885-05-01,13.711371872561944
1885-06-01,13.978784368698356
1885-07-01,14.326658777089333
1885-08-01,15.13041079670716
1885-09-01,15.11628502872425
1885-10-01,15.991023962168988
1885-11-01,16.824034498619024
1885-12-01,16.30447595227853
1886-01-01,16.692317470797654
1886-02-01,17.006648259461
1886-03-01,16.843266101570137
1886-04-01,16.801716131246305
1886-05-01,16.86319551509783
1886-06-01,17.831494055376883
1886-07-01,17.84584504153221
1886-08-01,17.723912799619274
1886-09-01,18.14714392580003
1886-10-01,18.562381342866566
1886-11-01,18.968312634942837
1886-12-01,18.194057556886438
1887-01-01,17.512222096304953
1887-02-01,17.125366596972317
1887-03-01,17.473213711513754
1887-04-01,17.822983639100713
1887-05-01,18.075445427458245
1887-06-01,17.707695663272993
1887-07-01,17.431460535613077
1887-08-01,16.739849614820706
1887-09-01,16.676629667380144
1887-10-01,15.880666812517312
1887-11-01,15.950712201066777
1887-12-01,15.455513454469944
1888-01-01,15.358662514259905
1888-02-01,15.418178318820535
1888-03-01,14.808972366946566
1888-04-01,15.020108681844462
1888-05-01,15.387916957229134
1888-06-01,15.077628818434693
1888-07-01,15.279642515498171
1888-08-01,15.602911670088806
1888-09-01,15.98782882176142
1888-10-01,15.7159418743297
1888-11-01,15.223749016946277
1888-12-01,14.946748301089224
1889-01-01,15.802286071028158
1889-02-01,16.19272044784899
1889-03-01,16.06504536076929
1889-04-01,16.050104533967477
1889-05-01,16.915421076068377
1889-06-01,17.219302943947685
1889-07-01,16.889214491107516
1889-08-01,17.131853975345727
1889-09-01,17.350788026348596
1889-10-01,17.05321440295549
1889-11-01,16.906021170249367
1889-12-01,16.610338076603387
1890-01-01,17.220071982181906
1890-02-01,17.026814982671407
1890-03-01,16.901122288589907
1890-04-01,17.257854542603194
1890-05-01,17.786430487858617
1890-06-01,17.684360844450158
1890-07-01,17.58929544086486
1890-08-01,16.5967911339791
1890-09-01,16.1697020006153
1890-10-01,15.482849163344433
1890-11-01,14.7450434932928
1890-12-01,14.442991231338436
1891-01-01,15.428980086469092
1891-02-01,15.476522332432534
1891-03-01,15.051623357657379
1891-04-01,15.408945125474121
1891-05-01,15.566495230713247
1891-06-01,15.658211395638142
1891-07-01,15.617919238645989
1891-08-01,16.16399850996303
1891-09-01,17.711261413256523
1891-10-01,17.716568589826355
1891-11-01,17.671739174763992
1891-12-01,18.206303000209928
1892-01-01,19.016388404225264
1892-02-01,19.03642504097843
1892-03-01,19.73805484932301
1892-04-01,19.943265241638635
1892-05-01,19.9114652134898
1892-06-01,19.76928439713674
1892-07-01,19.211886434505555
1892-08-01,19.20430380317382
1892-09-01,18.6942718095882
1892-10-01,19.040214915324707
1892-11-01,18.463312690799995
1892-12-01,18.013009251275736
1893-01-01,17.65664370809877
1893-02-01,17.125193854872446
1893-03-01,16.899589031582323
1893-04-01,17.102541578254918
1893-05-01,15.78098731077625
1893-06-01,15.41650386359769
1893-07-01,14.349854182760948
1893-08-01,14.588056535807809
1893-09-01,15.012069079138762
1893-10-01,15.271794153520185
1893-11-01,15.942411400571666
1893-12-01,15.612694335464932
1894-01-01,15.739869351948224
1894-02-01,16.202736596449924
1894-03-01,17.18762208812193
1894-04-01,17.43484907805245
1894-05-01,16.808751920918002
1894-06-01,16.606319695292523
1894-07-01,16.289679714916947
1894-08-01,16.45777707299836
1894-09-01,16.522315444877215
1894-10-01,16.502904205708425
1894-11-01,16.54278444744455
1894-12-01,16.672466333767723
1895-01-01,16.524443935162708
1895-02-01,16.3312376932114
1895-03-01,16.36462542717479
1895-04-01,16.387543823686293
1895-05-01,17.080369553382383
1895-06-01,17.20741353978338
1895-07-01,17.546014648740552
1895-08-01,18.074072547241784
1895-09-01,18.200335946605456
1895-10-01,17.944706622466466
1895-11-01,17.34299899192169
1895-12-01,16.548415156667954
1896-01-01,16.576224828568183
1896-02-01,17.51540335263726
1896-03-01,17.2323627122986
1896-04-01,17.643699378129995
1896-05-01,17.828266894232815
1896-06-01,17.77757861643045
1896-07-01,16.637100103394573
1896-08-01,15.703370546226864
1896-09-01,16.544339943032007
1896-10-01,16.43886680472588
1896-11-01,17.089425242371107
1896-12-01,16.501404180590082
1897-01-01,17.026521282380546
1897-02-01,16.894025883254084
1897-03-01,16.95803071672103
1897-04-01,16.696857434734653
1897-05-01,17.04775512922938
1897-06-01,17.850497280690604
1897-07-01,18.651975755820278
1897-08-01,19.006396010519435
1897-09-01,19.372370293397793
1897-10-01,19.02803122390242
1897-11-01,18.358448098050218
1897-12-01,18.7487576625255
1898-01-01,19.249000021813753
1898-02-01,18.918131888002137
1898-03-01,18.04217492346868
1898-04-01,17.70508942641177
1898-05-01,17.595635274512812
1898-06-01,19.544817480547984
1898-07-01,19.8589430141673
1898-08-01,20.544915179153275
1898-09-01,20.442732862691294
1898-10-01,19.947199825773655
1898-11-01,20.527416324811288
1898-12-01,21.403631985448175
1899-01-01,22.932807416487176
1899-02-01,23.048117549980194
1899-03-01,23.279682245508724
1899-04-01,23.15242152568649
1899-05-01,22.091269360834186
1899-06-01,21.212091925046835
1899-07-01,21.561425634523125
1899-08-01,21.72623737305546
1899-09-01,20.591140514113782
1899-10-01,20.15371346068661
1899-11-01,20.1964575208023
1899-12-01,18.5126496436002
1900-01-01,18.67427536244478
1900-02-01,18.70379741725144
1900-03-01,18.775793421238383
1900-04-01,18.936402033322736
1900-05-01,18.403197016950422
1900-06-01,17.992711584303986
1900-07-01,17.689545468952808
1900-08-01,18.069614666784197
1900-09-01,17.34187415122472
1900-10-01,18.10239878455606
1900-11-01,19.419584603760764
1900-12-01,20.744051160870853
1901-01-01,20.978581834536197
1901-02-01,21.679149848206194
1901-03-01,22.34758395068386
1901-04-01,24.409716994827217
1901-05-01,23.06401268486357
1901-06-01,25.23846620596035
1901-07-01,23.14484855370811
1901-08-01,23.07717771384438
1901-09-01,22.59046831686024
1901-10-01,22.252901618408934
1901-11-01,22.375074777652806
1901-12-01,21.68021514102969
1902-01-01,22.34029079603357
1902-02-01,22.459957452460404
1902-03-01,22.410652288217346
1902-04-01,22.823108698497855
1902-05-01,22.427954493329807
1902-06-01,21.963742295514628
1902-07-01,22.38568658940137
1902-08-01,23.16867183409286
1902-09-01,22.8565663819545
1902-10-01,20.604425401859807
1902-11-01,20.40854125507218
1902-12-01,19.63323212682384
1903-01-01,20.318132053828496
1903-02-01,20.10705151755281
1903-03-01,19.884560384872838
1903-04-01,18.980022601826267
1903-05-01,18.954858723039873
1903-06-01,17.818551722968515
1903-07-01,16.91817841476666
1903-08-01,16.299118790903496
1903-09-01,15.654359115196918
1903-10-01,15.252943825778843
1903-11-01,15.407877534297896
1903-12-01,16.04289414005014
1904-01-01,15.86183391403364
1904-02-01,15.021498380331433
1904-03-01,15.081930176258863
1904-04-01,15.565490611691482
1904-05-01,15.525820896254634
1904-06-01,15.474433638652659
1904-07-01,16.03640162962411
1904-08-01,16.304651978851037
1904-09-01,16.742600049163695
1904-10-01,17.633197370821406
1904-11-01,18.076200223770073
1904-12-01,18.159679118703203
1905-01-01,18.459852032455853
1905-02-01,19.16899637582983
1905-03-01,19.831506074218424
1905-04-01,19.482927524711283
1905-05-01,18.629487509845127
1905-06-01,18.735862386183534
1905-07-01,19.205883309548053
1905-08-01,19.57330843080372
1905-09-01,19.74349241969778
1905-10-01,19.897394814329537
1905-11-01,19.44352569326499
1905-12-01,19.577960809096123
1906-01-01,20.1324022608079
1906-02-01,19.8667525636759
1906-03-01,19.25945302085412
1906-04-01,18.876204996115888
1906-05-01,18.054044460926402
1906-06-01,18.172666376497506
1906-07-01,18.195200143513755
1906-08-01,18.967251477549308
1906-09-01,19.200993682001364
1906-10-01,18.095380908869103
1906-11-01,18.141851654007965
1906-12-01,17.66000366776867
1907-01-01,17.21891385370599
1907-02-01,16.21707128876616
1907-03-01,14.687545255978655
1907-04-01,14.669709905602748
1907-05-01,13.790107153424252
1907-06-01,13.144269952673211
1907-07-01,13.585007357961846
1907-08-01,12.513471604446615
1907-09-01,12.328569657736635
1907-10-01,10.83184015305061
1907-11-01,10.591177559189786
1907-12-01,11.333306235811175
1908-01-01,11.902968628266981
1908-02-01,11.554846295144793
1908-03-01,11.984662664464299
1908-04-01,12.448889158370372
1908-05-01,13.078451355438343
1908-06-01,13.051684129229992
1908-07-01,13.3454871048344
1908-08-01,13.884232895208616
1908-09-01,13.701442268825113
1908-10-01,13.690810359178707
1908-11-01,14.435014091256267
1908-12-01,14.582482908962444
1909-01-01,14.764418456441359
1909-02-01,14.167157516701373
1909-03-01,14.336058380586223
1909-04-01,14.645198603086127
1909-05-01,14.953509786582787
1909-06-01,15.040444676081004
1909-07-01,15.231503240497688
1909-08-01,15.417580706254762
1909-09-01,15.254446436821178
1909-10-01,14.98884529612177
1909-11-01,14.745631176824588
1909-12-01,14.75063848926503
1910-01-01,14.547885040564148
1910-02-01,14.002037903032699
1910-03-01,14.05000696507782
1910-04-01,13.559883620820079
1910-05-01,13.568792287251451
1910-06-01,13.019657302315938
1910-07-01,12.342581259985216
1910-08-01,12.745055150886254
1910-09-01,12.937161101070844
1910-10-01,13.918866656445815
1910-11-01,14.164523175780351
1910-12-01,13.74147841778155
1911-01-01,14.0492151814012
1911-02-01,14.721488469928298
1911-03-01,14.370623221979528
1911-04-01,14.752935420329347
1911-05-01,15.047660591685036
1911-06-01,15.328355684719279
1911-07-01,15.083110578700262
1911-08-01,13.89979066565444
1911-09-01,12.99795398325243
1911-10-01,13.066472850619189
1911-11-01,13.727997586413089
1911-12-01,13.929258419578229
1912-01-01,13.794952631845819
1912-02-01,13.531634369686586
1912-03-01,13.639769173944163
1912-04-01,13.654392690553228
1912-05-01,13.645500685612367
1912-06-01,13.785417404502523
1912-07-01,13.802876645015774
1912-08-01,13.984761763426272
1912-09-01,13.926285001315868
1912-10-01,13.905092701178464
1912-11-01,13.749541018606532
1912-12-01,13.388999452579627
1913-01-01,13.148088791761557
1913-02-01,12.682960516236756
1913-03-01,12.443453515183656
1913-04-01,12.433067081795162
1913-05-01,12.221401061154118
1913-06-01,11.491962852761224
1913-07-01,11.534022795459855
1913-08-01,11.846840543564625
1913-09-01,11.84331682662597
1913-10-01,11.471490240312288
1913-11-01,11.072537845038008
1913-12-01,11.174040870036793
1914-01-01,11.63609210504613
1914-02-01,11.910233879798238
1914-03-01,11.685526018836825
1914-04-01,11.522662536200228
1914-05-01,11.479008694164479
1914-06-01,11.42871516883188
1914-07-01,10.694345183040134
1914-08-01,10.492046265076432
1914-09-01,10.50049730180213
1914-10-01,10.61275946612622
1914-11-01,10.51691764299212
1914-12-01,10.172217991997863
1915-01-01,10.359834197757268
1915-02-01,10.329786209660693
1915-03-01,10.707013188682813
1915-04-01,11.401123789000186
1915-05-01,11.026929876471316
1915-06-01,11.154262189096341
1915-07-01,11.113629393949603
1915-08-01,11.584831641604604
1915-09-01,12.011570757825893
1915-10-01,12.54907613322016
1915-11-01,12.85771445355932
1915-12-01,12.878444602185992
1916-01-01,12.543563692516178
1916-02-01,12.354652326458801
1916-03-01,12.177052795748486
1916-04-01,11.906481776593187
1916-05-01,12.02625667190516
1916-06-01,11.995961222946582
1916-07-01,11.791165275254553
1916-08-01,11.732082638874163
1916-09-01,11.94455241750447
1916-10-01,12.045741763370799
1916-11-01,12.053230403230499
1916-12-01,11.41355918884949
1917-01-01,10.992361427383429
1917-02-01,10.063187738735728
1917-03-01,10.32715708010788
1917-04-01,9.644531197281236
1917-05-01,9.138988813373576
1917-06-01,9.14822025953958
1917-07-01,9.003472377228801
1917-08-01,8.572680466753777
1917-09-01,7.9508232642170595
1917-10-01,7.387133711108142
1917-11-01,6.753013604774305
1917-12-01,6.412593898119817
1918-01-01,6.640646028655349
1918-02-01,6.784343551630277
1918-03-01,6.686355760455893
1918-04-01,6.520727730547157
1918-05-01,6.582363231621079
1918-06-01,6.4962913186410525
1918-07-01,6.371324093848986
1918-08-01,6.303073760914589
1918-09-01,6.149170562431677
1918-10-01,6.290515321191318
1918-11-01,6.333327495354152
1918-12-01,6.134580411283428
1919-01-01,6.098467639950103
1919-02-01,6.239692771364975
1919-03-01,6.356074004869142
1919-04-01,6.456139555819272
1919-05-01,6.829002261482031
1919-06-01,7.02161521478413
1919-07-01,7.052837165446309
1919-08-01,6.479131101705277
1919-09-01,6.558481672061262
1919-10-01,6.794704199949304
1919-11-01,6.467022574133134
1919-12-01,6.160717033799178
1920-01-01,5.98966777113944
1920-02-01,5.455347649907774
1920-03-01,5.798822727557161
1920-04-01,5.599858725506187
1920-05-01,5.188950462047496
1920-06-01,5.043639680451623
1920-07-01,5.0805929195407975
1920-08-01,5.020701077922858
1920-09-01,5.29716277010806
1920-10-01,5.351177393424158
1920-11-01,5.126407930947928
1920-12-01,4.784241045083251
1921-01-01,5.122184146887377
1921-02-01,5.274857191205049
1921-03-01,5.19234815868418
1921-04-01,5.297085922739678
1921-05-01,5.60946922533078
1921-06-01,5.216110960989323
1921-07-01,5.197779361905474
1921-08-01,5.1612948232157345
1921-09-01,5.377524425458262
1921-10-01,5.479257678053351
1921-11-01,5.838196993200896
1921-12-01,6.114158849417275
1922-01-01,6.287087290347133
1922-02-01,6.461305872696988
1922-03-01,6.8213872490360465
1922-04-01,7.273253390209868
1922-05-01,7.593467258919383
1922-06-01,7.557987351755133
1922-07-01,7.602095045774037
1922-08-01,8.02003068989578
1922-09-01,8.265083002284307
1922-10-01,8.432151998761903
1922-11-01,7.998253772269839
1922-12-01,7.964679864940005
1923-01-01,8.154200483069156
1923-02-01,8.533360579065969
1923-03-01,8.700737500978535
1923-04-01,8.372809668463818
1923-05-01,8.00049786759821
1923-06-01,7.67182528267308
1923-07-01,7.34598511949065
1923-08-01,7.44178317421737
1923-09-01,7.458183867189793
1923-10-01,7.31740039562148
1923-11-01,7.546327911916235
1923-12-01,7.809739144938745
1924-01-01,8.072249446037379
1924-02-01,8.162066220850356
1924-03-01,8.058077044116091
1924-04-01,7.9236203483279795
1924-05-01,7.899698330665291
1924-06-01,8.051676946396649
1924-07-01,8.37771213997183
1924-08-01,8.71741830854833
1924-09-01,8.58167037520905
1924-10-01,8.419491035872424
1924-11-01,8.888327361250969
1924-12-01,9.310639680416372
1925-01-01,9.692618852254993
1925-02-01,9.830804722819575
1925-03-01,9.518537538810032
1925-04-01,9.476566787903069
1925-05-01,9.72900769402133
1925-06-01,9.796386180450611
1925-07-01,9.9639938917878
1925-08-01,10.110918458488944
1925-09-01,10.359247611348502
1925-10-01,10.71849599702293
1925-11-01,10.886317440307938
1925-12-01,11.147365239137256
1926-01-01,11.34096618850624
1926-02-01,11.389435672748014
1926-03-01,10.712352062732487
1926-04-01,10.395587685954734
1926-05-01,10.5751584638061
1926-06-01,11.197979740229963
1926-07-01,11.86969405848128
1926-08-01,12.488808219521879
1926-09-01,12.692614823344721
1926-10-01,12.426517521583357
1926-11-01,12.615251212344486
1926-12-01,13.009052728993131
1927-01-01,13.185930628677795
1927-02-01,13.633966132216214
1927-03-01,14.033257507604494
1927-04-01,14.488222209157056
1927-05-01,15.002347055737117
1927-06-01,15.120333481747533
1927-07-01,15.820802594477753
1927-08-01,16.862861852763807
1927-09-01,17.818723713516423
1927-10-01,17.537237852261086
1927-11-01,18.131301434952427
1927-12-01,18.646624021402527
1928-01-01,18.806128571700768
1928-02-01,18.868850519584033
1928-03-01,19.94341779906454
1928-04-01,21.2579092494875
1928-05-01,21.832732178740024
1928-06-01,20.913421576866703
1928-07-01,21.081905435296793
1928-08-01,21.762131502579237
1928-09-01,23.004649446159238
1928-10-01,23.578344239585046
1928-11-01,25.121984571109603
1928-12-01,25.30159102742616
1929-01-01,27.083199620832772
1929-02-01,27.131672798247386
1929-03-01,27.67574843786188
1929-04-01,27.5684544728983
1929-05-01,27.69858687500813
1929-06-01,27.935467830288683
1929-07-01,29.93328940684221
1929-08-01,31.48031324717301
1929-09-01,32.5637885987767
1929-10-01,28.96106716435479
1929-11-01,21.171036000097036
1929-12-01,22.00737317641833
1930-01-01,22.310724294336843
1930-02-01,23.697117749335874
1930-03-01,24.586607792668843
1930-04-01,25.843436862018304
1930-05-01,24.30976063390817
1930-06-01,21.866899333389476
1930-07-01,21.548797592546645
1930-08-01,21.30060224111815
1930-09-01,21.072581788447312
1930-10-01,18.214870154658627
1930-11-01,16.939711377775165
1930-12-01,16.055001856531323
1931-01-01,16.705478731547608
1931-02-01,18.16149243697609
1931-03-01,18.579561032791283
1931-04-01,16.872315331609666
1931-05-01,15.401539999110108
1931-06-01,15.062476074643246
1931-07-01,15.51675009551632
1931-08-01,15.006276602886546
1931-09-01,12.817745261106884
1931-10-01,11.145926407660932
1931-11-01,11.415600295644678
1931-12-01,9.306032867968318
1932-01-01,9.312406455177847
1932-02-01,9.336932251008404
1932-03-01,9.413065028012213
1932-04-01,7.192233196115487
1932-05-01,6.390857289881443
1932-06-01,5.565059371528964
1932-07-01,5.8387636718512
1932-08-01,8.834653205181212
1932-09-01,9.76116856406371
1932-10-01,8.478606607689082
1932-11-01,8.463309567122899
1932-12-01,8.257073999100681
1933-01-01,8.728046162813529
1933-02-01,7.826051751316596
1933-03-01,7.874681322943168
1933-04-01,8.72310164606811
1933-05-01,11.249651251932447
1933-06-01,13.098875517269517
1933-07-01,13.754304493874534
1933-08-01,12.999527050367739
1933-09-01,12.922920614885992
1933-10-01,11.69625356814369
1933-11-01,12.011766193389933
1933-12-01,12.281801622601108
1934-01-01,13.025119828332373
1934-02-01,13.92692290427429
1934-03-01,13.254537629740078
1934-04-01,13.518389284490086
1934-05-01,12.181583235024013
1934-06-01,12.287726483952417
1934-07-01,11.741524229318237
1934-08-01,11.315025981829045
1934-09-01,10.909954083288842
1934-10-01,11.108352605351719
1934-11-01,11.448808690205695
1934-12-01,11.639337566475875
1935-01-01,11.495907968201589
1935-02-01,11.087812159055558
1935-03-01,10.398272404790022
1935-04-01,11.10421020714951
1935-05-01,11.985576683480087
1935-06-01,12.53951932444388
1935-07-01,13.202137936511004
1935-08-01,14.105056846668942
1935-09-01,14.418891702707421
1935-10-01,14.826232627114083
1935-11-01,16.129605163251135
1935-12-01,16.159192714615326
1936-01-01,17.087359845997238
1936-02-01,18.104536459517785
1936-03-01,18.660478203926015
1936-04-01,18.718999665151497
1936-05-01,17.75019251932864
1936-06-01,18.393001065831335
1936-07-01,19.36046451231913
1936-08-01,19.623060162983748
1936-09-01,19.862024243287628
1936-10-01,20.913091852533118
1936-11-01,21.499765341024155
1936-12-01,21.125663548155444
1937-01-01,21.618741582953508
1937-02-01,22.244221552805158
1937-03-01,22.042197016050572
1937-04-01,20.556579457432854
1937-05-01,19.4741746865721
1937-06-01,18.71165996036496
1937-07-01,19.64672327960762
1937-08-01,19.806982577380957
1937-09-01,16.84788286270581
1937-10-01,14.361659574753356
1937-11-01,13.158119166486067
1937-12-01,13.008483033706138
1938-01-01,13.511461918562418
1938-02-01,13.263076236460869
1938-03-01,12.377286234697689
1938-04-01,11.789517720684186
1938-05-01,11.992275930545697
1938-06-01,12.288966307788133
1938-07-01,14.77032801749207
1938-08-01,14.903588512604367
1938-09-01,14.282330508639971
1938-10-01,16.06114764333344
1938-11-01,16.14957180071551
1938-12-01,15.756484438994004
1939-01-01,15.599634410919284
1939-02-01,15.66469692895477
1939-03-01,15.729223743214224
1939-04-01,13.916994579812403
1939-05-01,14.502929499657778
1939-06-01,14.833828921489793
1939-07-01,15.270952598570265
1939-08-01,15.120082343333994
1939-09-01,16.452835577060974
1939-10-01,16.82120480626565
1939-11-01,16.599238509946655
1939-12-01,16.280412901283846
1940-01-01,16.378480342613678
1940-02-01,16.216119847731058
1940-03-01,16.172906305307897
1940-04-01,16.370988707128788
1940-05-01,14.138747694800735
1940-06-01,12.843765598268812
1940-07-01,13.369884763210061
1940-08-01,13.649399392391638
1940-09-01,14.21484259862064
1940-10-01,14.32829032310496
1940-11-01,14.636689248763611
1940-12-01,13.908426122353843
1941-01-01,13.90415826795083
1941-02-01,13.002943303402452
1941-03-01,12.95571982206333
1941-04-01,12.429370389220786
1941-05-01,12.037206512481577
1941-06-01,12.16430659062844
1941-07-01,12.744996277919578
1941-08-01,12.463173720387806
1941-09-01,12.279729272093077
1941-10-01,11.577814956574077
1941-11-01,10.911668685916966
1941-12-01,10.086593309917907
1942-01-01,10.101686431929252
1942-02-01,9.680255591749367
1942-03-01,9.003426617760974
1942-04-01,8.544255707588265
1942-05-01,8.506116259696055
1942-06-01,8.905456928518058
1942-07-01,9.150488900994747
1942-08-01,9.0128230475643
1942-09-01,9.077829839371509
1942-10-01,9.599176749352992
1942-11-01,9.66133415217166
1942-12-01,9.61751410328318
1943-01-01,10.150534220432085
1943-02-01,10.70898299522127
1943-03-01,10.850541744036803
1943-04-01,11.03922714293969
1943-05-01,11.362215800613692
1943-06-01,11.516744786451229
1943-07-01,11.774213341781653
1943-08-01,11.210545904158964
1943-09-01,11.336281939610284
1943-10-01,11.18733550332603
1943-11-01,10.631033673001419
1943-12-01,10.73736031604107
1944-01-01,11.05241276397747
1944-02-01,10.947918887724722
1944-03-01,11.224693196180683
1944-04-01,10.938275188239396
1944-05-01,11.103736936792622
1944-06-01,11.532785272532509
1944-07-01,11.738774750180715
1944-08-01,11.541711674209223
1944-09-01,11.32856058469647
1944-10-01,11.583105186279125
1944-11-01,11.478459198055479
1944-12-01,11.638683593355129
1945-01-01,11.96046343980699
1945-02-01,12.341753548186311
1945-03-01,12.323310311389326
1945-04-01,12.631867236563078
1945-05-01,13.036560628785356
1945-06-01,13.130223361406054
1945-07-01,12.867028443009161
1945-08-01,12.915378562256743
1945-09-01,13.798264951719782
1945-10-01,14.37466267539134
1945-11-01,14.847702661876784
1945-12-01,15.020347474739966
1946-01-01,15.623163177761667
1946-02-01,15.761666525801905
1946-03-01,15.13487341514254
1946-04-01,16.04084238621592
1946-05-01,16.01372317083218
1946-06-01,15.773186880128744
1946-07-01,14.50813611190907
1946-08-01,13.984939309942762
1946-09-01,11.841267540149637
1946-10-01,11.387602961765054
1946-11-01,11.110043656743295
1946-12-01,11.37277942586271
1947-01-01,11.469296334735581
1947-02-01,11.949565314209437
1947-03-01,11.287903096501283
1947-04-01,10.900825126392672
1947-05-01,10.733674273688539
1947-06-01,11.082715855052093
1947-07-01,11.696446553354365
1947-08-01,11.33747235532983
1947-09-01,10.827463017228833
1947-10-01,11.132662042754784
1947-11-01,10.975407324839066
1947-12-01,10.680912531969186
1948-01-01,10.419342657320323
1948-02-01,9.99976116914418
1948-03-01,10.18668060948967
1948-04-01,10.77948448202462
1948-05-01,11.24103269798444
1948-06-01,11.583895756523843
1948-07-01,11.134621739180933
1948-08-01,10.723556662478135
1948-09-01,10.553013689399158
1948-10-01,10.825409809169491
1948-11-01,10.248096205635568
1948-12-01,10.159652938900914
1949-01-01,10.24828575803898
1949-02-01,9.872517140570057
1949-03-01,9.901332491240924
1949-04-01,9.783639867544059
1949-05-01,9.692295086395815
1949-06-01,9.067718943419534
1949-07-01,9.605038093363923
1949-08-01,9.851348638079232
1949-09-01,9.88404836173829
1949-10-01,10.169850844772144
1949-11-01,10.215861011650642
1949-12-01,10.529330904131145
1950-01-01,10.74573329974791
1950-02-01,10.91156406673168
1950-03-01,10.910946522976255
1950-04-01,11.178021600956093
1950-05-01,11.461543104586228
1950-06-01,11.554126144044284
1950-07-01,10.539745658930988
1950-08-01,11.040611670261535
1950-09-01,11.337391102277296
1950-10-01,11.66244403910526
1950-11-01,11.542173388716295
1950-12-01,11.30666578889076
1951-01-01,11.895759839437064
1951-02-01,12.14150737068269
1951-03-01,11.841626487283095
1951-04-01,11.951097197083955
1951-05-01,11.863875406269175
1951-06-01,11.615664857025177
1951-07-01,11.778190092457809
1951-08-01,12.256989084145145
1951-09-01,12.444953157150039
1951-10-01,12.309457904118691
1951-11-01,11.852030617771046
1951-12-01,12.147072568106784
1952-01-01,12.5270597481723
1952-02-01,12.364119350461095
1952-03-01,12.362339087390367
1952-04-01,12.242728683266883
1952-05-01,12.200478761945833
1952-06-01,12.447881581789368
1952-07-01,12.66911288962248
1952-08-01,12.678378236328623
1952-09-01,12.434678020425508
1952-10-01,12.131183558686873
1952-11-01,12.47346976551531
1952-12-01,12.933964306161373
1953-01-01,13.010773447995177
1953-02-01,12.859346880687898
1953-03-01,12.83481934009249
1953-04-01,12.163901454006798
1953-05-01,12.141970791867783
1953-06-01,11.624407885470077
1953-07-01,11.75020164531
1953-08-01,11.715076201734002
1953-09-01,11.13934935726292
1953-10-01,11.39193476542141
1953-11-01,11.64407026850577
1953-12-01,11.754449184027292
1954-01-01,12.002650554927824
1954-02-01,12.215052485432839
1954-03-01,12.420105295189977
1954-04-01,12.907868184060918
1954-05-01,13.31204223802586
1954-06-01,13.357885903659001
1954-07-01,13.833009564245328
1954-08-01,14.042112347320574
1954-09-01,14.356474143296975
1954-10-01,14.619231935730566
1954-11-01,15.117311697434388
1954-12-01,15.789062002327084
1955-01-01,15.990781062969834
1955-02-01,16.437728215987118
1955-03-01,16.219282945537795
1955-04-01,16.68526662806351
1955-05-01,16.518057827257802
1955-06-01,17.370091963405315
1955-07-01,18.45403190663288
1955-08-01,18.22232646304776
1955-09-01,18.843960654261316
1955-10-01,17.7723257893861
1955-11-01,18.835559288273906
1955-12-01,18.942369035813584
1956-01-01,18.292585385418903
1956-02-01,18.266116815127795
1956-03-01,19.371210099299972
1956-04-01,19.37059363457851
1956-05-01,18.544506591754445
1956-06-01,18.158163846958708
1956-07-01,18.856797596896797
1956-08-01,18.670937110186433
1956-09-01,17.83664079631203
1956-10-01,17.41895294863614
1956-11-01,17.120339736628264
1956-12-01,17.19752272556093
1957-01-01,16.717780078533018
1957-02-01,15.843733142229748
1957-03-01,15.900417108869172
1957-04-01,16.123704360211764
1957-05-01,16.598110789114273
1957-06-01,16.729918872472876
1957-07-01,16.868882383979805
1957-08-01,15.86894272945225
1957-09-01,15.157274488962218
1957-10-01,14.149451489483543
1957-11-01,13.736242235298489
1957-12-01,13.67324605795139
1958-01-01,13.788431552307639
1958-02-01,13.784906390337682
1958-03-01,13.925589923892943
1958-04-01,13.913501765262781
1958-05-01,14.32382496840923
1958-06-01,14.635555551956264
1958-07-01,14.95745710190113
1958-08-01,15.544566891165923
1958-09-01,15.931923184092843
1958-10-01,16.55980331035157
1958-11-01,16.988883579386332
1958-12-01,17.358357365369958
1959-01-01,17.980339342993393
1959-02-01,17.75916926361142
1959-03-01,18.200871845485636
1959-04-01,18.430753048783423
1959-05-01,18.692721439594173
1959-06-01,18.448591397066465
1959-07-01,19.090533975796507
1959-08-01,18.958803640750205
1959-09-01,18.12329055675862
1959-10-01,18.021962441515427
1959-11-01,18.07178913057021
1959-12-01,18.6247289779001
1960-01-01,18.338284994375556
1960-02-01,17.54527510894597
1960-03-01,17.286020720522142
1960-04-01,17.429766947597198
1960-05-01,17.256170578727904
1960-06-01,17.823363817264735
1960-07-01,17.376806472898107
1960-08-01,17.582113039577667
1960-09-01,17.052015467817657
1960-10-01,16.605104536251027
1960-11-01,17.146088452418997
1960-12-01,17.56209083395712
1961-01-01,18.470416986477172
1961-02-01,19.23401449829835
1961-03-01,19.844225272725563
1961-04-01,20.382842975754773
1961-05-01,20.598606843297333
1961-06-01,20.332414551592287
1961-07-01,20.146643736827308
1961-08-01,20.941688475215177
1961-09-01,20.705243044147245
1961-10-01,20.92419014101078
1961-11-01,21.85795772195966
1961-12-01,22.041480198382253
1962-01-01,21.19793140001521
1962-02-01,21.45168775487336
1962-03-01,21.443158568526215
1962-04-01,20.65833644764901
1962-05-01,19.08936749811664
1962-06-01,16.827571244792455
1962-07-01,17.141325661322778
1962-08-01,17.571262631045517
1962-09-01,17.321461147465467
1962-10-01,16.73982096790132
1962-11-01,17.854386489497134
1962-12-01,18.585836118439847
1963-01-01,19.25923169325404
1963-02-01,19.469191309671395
1963-03-01,19.28806460660483
1963-04-01,20.15007723822697
1963-05-01,20.5075858649526
1963-06-01,20.38414999384099
1963-07-01,19.969231885949636
1963-08-01,20.47263790052768
1963-09-01,20.96036009070511
1963-10-01,20.891344595411496
1963-11-01,20.720399335339703
1963-12-01,21.038599376737046
1964-01-01,21.627216196980918
1964-02-01,21.83267082671032
1964-03-01,22.167245585982627
1964-04-01,22.42219216973717
1964-05-01,22.57433076956383
1964-06-01,22.30028803608278
1964-07-01,22.984351845738395
1964-08-01,22.650407292938787
1964-09-01,22.892221984231682
1964-10-01,23.212154680675336
1964-11-01,23.22501979309582
1964-12-01,22.752984772787265
1965-01-01,23.26933508192247
1965-02-01,23.372068272751335
1965-03-01,23.253528200034843
1965-04-01,23.420551954771298
1965-05-01,23.708808308861947
1965-06-01,22.385342986457793
1965-07-01,22.300781712174434
1965-08-01,22.66597184596439
1965-09-01,23.374146831648627
1965-10-01,23.775745523312697
1965-11-01,23.925461156673727
1965-12-01,23.69411154910632
1966-01-01,24.05848338842175
1966-02-01,23.7000271455794
1966-03-01,22.61111258229
1966-04-01,23.11369646261583
1966-05-01,21.852177976763098
1966-06-01,21.55525338322626
1966-07-01,21.38170200743342
1966-08-01,19.913903864009814
1966-09-01,19.16167625061501
1966-10-01,18.825409371315686
1966-11-01,19.71125121192897
1966-12-01,19.736473752791973
1967-01-01,20.432242125384285
1967-02-01,21.074443163678442
1967-03-01,21.443898602019097
1967-04-01,21.686025566746245
1967-05-01,21.9484773896584
1967-06-01,21.552097609793485
1967-07-01,21.80419624566637
1967-08-01,22.030627049126025
1967-09-01,22.219145488664797
1967-10-01,22.06819919418389
1967-11-01,21.26310296833628
1967-12-01,21.75159780872363
1968-01-01,21.511535896332184
1968-02-01,20.424992376214224
1968-03-01,19.934711308295707
1968-04-01,21.277356015671746
1968-05-01,21.63022714277988
1968-06-01,22.00462343134654
1968-07-01,21.753537415670948
1968-08-01,21.13776679361786
1968-09-01,21.680275633292936
1968-10-01,22.004606927956893
1968-11-01,22.19552922715816
1968-12-01,22.277872995434887
1969-01-01,21.194968072847164
1969-02-01,20.895729901987245
1969-03-01,20.202287616481666
1969-04-01,20.42860808193217
1969-05-01,20.97225827197211
1969-06-01,19.71334158375764
1969-07-01,18.68170820719277
1969-08-01,18.429515590207753
1969-09-01,18.39804634467698
1969-10-01,18.448662031815367
1969-11-01,18.437760084691057
1969-12-01,17.326929913742696
1970-01-01,17.09054139514022
1970-02-01,16.37258678715986
1970-03-01,16.53169081394363
1970-04-01,15.873067819354068
1970-05-01,13.9838360607892
1970-06-01,13.799691797725194
1970-07-01,13.726499744359778
1970-08-01,14.10045651681546
1970-09-01,14.84266114524223
1970-10-01,15.064185404089638
1970-11-01,14.95076190879174
1970-12-01,15.87384068720575
1971-01-01,16.461793943491948
1971-02-01,17.03453478150213
1971-03-01,17.40290260718888
1971-04-01,17.924110447959617
1971-05-01,17.56415327969939
1971-06-01,17.08316688007071
1971-07-01,16.889414708693362
1971-08-01,16.51944944305157
1971-09-01,16.856792547836005
1971-10-01,16.428862709159475
1971-11-01,15.638712654326651
1971-12-01,16.603557212925338
1972-01-01,17.26299679703518
1972-02-01,17.464147605486172
1972-03-01,17.805643849614942
1972-04-01,17.9151616784983
1972-05-01,17.662646200372553
1972-06-01,17.64085731574026
1972-07-01,17.39869003113818
1972-08-01,17.943404688029805
1972-09-01,17.613854552912116
1972-10-01,17.533183854158562
1972-11-01,18.338894714968063
1972-12-01,18.645719442073688
1973-01-01,18.71253046730244
1973-02-01,17.889889599193758
1973-03-01,17.412142058290343
1973-04-01,16.935740066050833
1973-05-01,16.31433875966858
1973-06-01,15.808323047681982
1973-07-01,15.889518573988788
1973-08-01,15.278501094706126
1973-09-01,15.475308601805562
1973-10-01,15.913516308933387
1973-11-01,14.65184515971057
1973-12-01,13.49332968620589
1974-01-01,13.53072189251395
1974-02-01,12.95732128020539
1974-03-01,13.310364239140162
1974-04-01,12.550411048540903
1974-05-01,11.995436947329656
1974-06-01,11.888498820078995
1974-07-01,10.394141805327047
1974-08-01,9.824195723141193
1974-09-01,8.680421305646332
1974-10-01,8.74498383380958
1974-11-01,8.948984512755603
1974-12-01,8.289060055923079
1975-01-01,8.920995508404246
1975-02-01,9.762246716166462
1975-03-01,10.163796767444031
1975-04-01,10.233076136605915
1975-05-01,10.818139119335804
1975-06-01,11.01135460924766
1975-07-01,10.902767048238571
1975-08-01,10.089769593328011
1975-09-01,9.918905356559415
1975-10-01,10.32759977750111
1975-11-01,10.435859457947894
1975-12-01,10.250368416256833
1976-01-01,11.185051362622144
1976-02-01,11.586092994449684
1976-03-01,11.631754403566507
1976-04-01,11.689164132206365
1976-05-01,11.53205358560942
1976-06-01,11.543841631417097
1976-07-01,11.757490488689907
1976-08-01,11.597986002509245
1976-09-01,11.805990949539783
1976-10-01,11.345696136316695
1976-11-01,11.24885586050796
1976-12-01,11.597589726582937
1977-01-01,11.437961346787548
1977-02-01,11.014841854222773
1977-03-01,10.895746511662736
1977-04-01,10.636037409141354
1977-05-01,10.548486693556994
1977-06-01,10.530023959090755
1977-07-01,10.567692447775404
1977-08-01,10.268385666710993
1977-09-01,10.0677428200707
1977-10-01,9.766666299556544
1977-11-01,9.766299983660199
1977-12-01,9.678266582535919
1978-01-01,9.241462260934686
1978-02-01,9.04526357070474
1978-03-01,8.950420077633895
1978-04-01,9.262588720866844
1978-05-01,9.634910728598449
1978-06-01,9.549678981041739
1978-07-01,9.425524047787361
1978-08-01,10.023970854003755
1978-09-01,9.94188747300441
1978-10-01,9.533608358208834
1978-11-01,8.928418902293153
1978-12-01,9.011941819133831
1979-01-01,9.257636919139975
1979-02-01,9.003740371045634
1979-03-01,9.070785029660765
1979-04-01,9.133063566217416
1979-05-01,8.794383289814958
1979-06-01,8.853937764693955
1979-07-01,8.827498045542368
1979-08-01,9.127165797215037
1979-09-01,9.11275899074096
1979-10-01,8.681843306899315
1979-11-01,8.518784302983562
1979-12-01,8.745204404669293
1980-01-01,8.850934180729112
1980-02-01,9.054476092192518
1980-03-01,8.081150900785502
1980-04-01,7.8440245047192185
1980-05-01,8.104225807176496
1980-06-01,8.512077962306742
1980-07-01,8.880865527295844
1980-08-01,9.071005981618384
1980-09-01,9.196040131743242
1980-10-01,9.357841046757112
1980-11-01,9.654043663233391
1980-12-01,9.389902084921744
1981-01-01,9.259404530877955
1981-02-01,8.829899353831308
1981-03-01,9.081096883854626
1981-04-01,9.085561230788745
1981-05-01,8.818483466548068
1981-06-01,8.76534074430493
1981-07-01,8.445319467875514
1981-08-01,8.399806316566442
1981-09-01,7.581163051923158
1981-10-01,7.649141713319213
1981-11-01,7.810752565716113
1981-12-01,7.832562137141897
1982-01-01,7.388659973375996
1982-02-01,7.181823450546733
1982-03-01,6.950673793536033
1982-04-01,7.259072625426149
1982-05-01,7.1926124844646235
1982-06-01,6.692133988197589
1982-07-01,6.63865310020876
1982-08-01,6.6434227521660905
1982-09-01,7.398838200323306
1982-10-01,7.999840994534587
1982-11-01,8.34747693815543
1982-12-01,8.467738401400478
1983-01-01,8.756783224134743
1983-02-01,8.910493436624119
1983-03-01,9.232829705190527
1983-04-01,9.531581284160412
1983-05-01,9.8744565046684
1983-06-01,10.00011790313002
1983-07-01,10.014475995571022
1983-08-01,9.728056935665204
1983-09-01,9.984202458028774
1983-10-01,10.003391799449624
1983-11-01,9.853581649364278
1983-12-01,9.81501090360867
1984-01-01,9.894931809202536
1984-02-01,9.324529645727983
1984-03-01,9.326747066508245
1984-04-01,9.305643404594822
1984-05-01,9.231831816896046
1984-06-01,9.010185512291006
1984-07-01,8.8683022140433
1984-08-01,9.623063257373168
1984-09-01,9.687341313628082
1984-10-01,9.595070703048505
1984-11-01,9.691973221783085
1984-12-01,9.595054801133458
1985-01-01,9.997001177730452
1985-02-01,10.494935172607077
1985-03-01,10.373217214924729
1985-04-01,10.397118719816815
1985-05-01,10.608120467860093
1985-06-01,10.810049845861212
1985-07-01,10.997563956793375
1985-08-01,10.738799808877278
1985-09-01,10.471234661697544
1985-10-01,10.552516982943743
1985-11-01,11.164611128667461
1985-12-01,11.690521474467591
1986-01-01,11.715007584487978
1986-02-01,12.38821909941812
1986-03-01,13.189022981532709
1986-04-01,13.552504172869472
1986-05-01,13.56004619923233
1986-06-01,13.888688626457109
1986-07-01,13.619995534083802
1986-08-01,13.88766755086605
1986-09-01,13.467314312977127
1986-10-01,13.425918860857356
1986-11-01,13.872985596138596
1986-12-01,14.085139814743307
1987-01-01,14.922208103718942
1987-02-01,15.82231814283645
1987-03-01,16.433343976069917
1987-04-01,16.196534453220877
1987-05-01,16.16031195265574
1987-06-01,16.825207307878717
1987-07-01,17.30600439051222
1987-08-01,18.32690724585634
1987-09-01,17.67562044993822
1987-10-01,15.530055563627313
1987-11-01,13.590885143189087
1987-12-01,13.389028514426965
1988-01-01,13.898336683569136
1988-02-01,14.298270962469525
1988-03-01,14.668946811103469
1988-04-01,14.433316420838949
1988-05-01,14.031891348027775
1988-06-01,14.766468647879622
1988-07-01,14.608315717522105
1988-08-01,14.244946310675655
1988-09-01,14.369428776140165
1988-10-01,14.81145015327773
1988-11-01,14.445530680872894
1988-12-01,14.702086748572
1989-01-01,15.088072442713287
1989-02-01,15.467060462734754
1989-03-01,15.298969108882362
1989-04-01,15.686742656144585
1989-05-01,16.18635353854456
1989-06-01,16.641904235808592
1989-07-01,17.013407650499133
1989-08-01,17.734251436577328
1989-09-01,17.71422067897909
1989-10-01,17.640853852797953
1989-11-01,17.242369266947435
1989-12-01,17.65021290494733
1990-01-01,17.048843606878272
1990-02-01,16.50809351649029
1990-03-01,16.83374823348095
1990-04-01,16.813913898735766
1990-05-01,17.392413588645006
1990-06-01,17.817082821653006
1990-07-01,17.74717158707024
1990-08-01,16.168334756508973
1990-09-01,15.301285443522625
1990-10-01,14.818147965500803
1990-11-01,15.187607599503185
1990-12-01,15.846314974728767
1991-01-01,15.606190118802363
1991-02-01,17.35466474520511
1991-03-01,17.81862008339738
1991-04-01,18.15534589519802
1991-05-01,18.035430911004052
1991-06-01,18.015227044688324
1991-07-01,18.103452345519745
1991-08-01,18.51225845533771
1991-09-01,18.357282591774325
1991-10-01,18.349187992001983
1991-11-01,18.28886816930134
1991-12-01,18.441652313512723
1992-01-01,19.773068211462636
1992-02-01,19.582982970386738
1992-03-01,19.283561861298555
1992-04-01,19.301229507881043
1992-05-01,19.662279795641687
1992-06-01,19.315365967644595
1992-07-01,19.620740694824406
1992-08-01,19.72213749835153
1992-09-01,19.708766424745306
1992-10-01,19.370271076906974
1992-11-01,19.833656038801234
1992-12-01,20.44860672124296
1993-01-01,20.323410802995706
1993-02-01,20.545336792900454
1993-03-01,20.855200148690916
1993-04-01,20.457362016642186
1993-05-01,20.51760563376487
1993-06-01,20.6083570129602
1993-07-01,20.564596413297146
1993-08-01,20.812227546627394
1993-09-01,20.993501005229135
1993-10-01,21.109178247475118
1993-11-01,21.03790118960638
1993-12-01,21.164732079814655
1994-01-01,21.41197491382654
1994-02-01,21.263840187313026
1994-03-01,20.833375889460417
1994-04-01,20.055250085063847
1994-05-01,20.196492421281448
1994-06-01,20.290763690670314
1994-07-01,20.067951816142145
1994-08-01,20.53554940475564
1994-09-01,20.57645010081887
1994-10-01,20.39575928241026
1994-11-01,20.20947302039405
1994-12-01,19.911484108090335
1995-01-01,20.21911942245731
1995-02-01,20.802571764332683
1995-03-01,21.152737302037
1995-04-01,21.64273926187966
1995-05-01,22.19542669801996
1995-06-01,22.718356759520617
1995-07-01,23.376412691512137
1995-08-01,23.28407025623054
1995-09-01,23.946007075299875
1995-10-01,23.92676276408328
1995-11-01,24.347586881114825
1995-12-01,25.027380664939116
1996-01-01,24.762465194644037
1996-02-01,25.97606555059339
1996-03-01,25.629930395216114
1996-04-01,25.424203848381538
1996-05-01,25.814043827699034
1996-06-01,25.966673558333863
1996-07-01,24.8584113323484
1996-08-01,25.412529121454963
1996-09-01,25.680115512876775
1996-10-01,26.483467720897217
1996-11-01,27.58561204901281
1996-12-01,27.723946163893974
1997-01-01,28.33287012995038
1997-02-01,29.265634883575963
1997-03-01,28.802458591871666
1997-04-01,27.585160338136554
1997-05-01,29.928362224688794
1997-06-01,31.25656061638128
1997-07-01,32.76663768966994
1997-08-01,32.586283486713185
1997-09-01,32.666581341708635
1997-10-01,32.901498179798125
1997-11-01,32.33660053281269
1997-12-01,33.03078904290543
1998-01-01,32.859968415052236
1998-02-01,34.709677782269985
1998-03-01,36.296927736425104
1998-04-01,37.27693404302877
1998-05-01,36.95659851896901
1998-06-01,36.802293460092024
1998-07-01,38.259645085248565
1998-08-01,35.42340102487833
1998-09-01,33.532356980834905
1998-10-01,33.77310287904815
1998-11-01,37.36939188392096
1998-12-01,38.82027478009816
1999-01-01,40.57695767720813
1999-02-01,40.40015922925994
1999-03-01,41.35610363271301
1999-04-01,42.704509516892166
1999-05-01,42.556676709518044
1999-06-01,42.18067591174694
1999-07-01,43.82803599280542
1999-08-01,41.93071215994045
1999-09-01,41.32345133471502
1999-10-01,40.55285439953986
1999-11-01,43.20829071461391
1999-12-01,44.19793976104055
2000-01-01,43.772578146938
2000-02-01,42.18563588791732
2000-03-01,43.22074843996588
2000-04-01,43.52857428850774
2000-05-01,41.966050503324325
2000-06-01,42.781971567071466
2000-07-01,42.7580936182696
2000-08-01,42.8695654944195
2000-09-01,41.89800792488476
2000-10-01,39.36969904420139
2000-11-01,38.78214245678478
2000-12-01,37.274238004497214
2001-01-01,36.97886799702984
2001-02-01,35.834662651431294
2001-03-01,32.325837236178764
2001-04-01,32.17390116836069
2001-05-01,34.07464321714004
2001-06-01,33.06853441111277
2001-07-01,32.16303868744436
2001-08-01,31.40431876078014
2001-09-01,27.667392586862498
2001-10-01,28.57737311336011
2001-11-01,30.005103811056827
2001-12-01,30.499953255020465
2002-01-01,30.277204433096006
2002-02-01,29.085704152008425
2002-03-01,30.292130640918682
2002-04-01,29.005883253118686
2002-05-01,28.128107508688345
2002-06-01,26.387672541183363
2002-07-01,23.46312046743145
2002-08-01,23.588713528842383
2002-09-01,22.36503680122434
2002-10-01,21.95623386365909
2002-11-01,23.348396502725127
2002-12-01,23.101442537685635
2003-01-01,22.898348576613216
2003-02-01,21.214102123415284
2003-03-01,21.30971902699099
2003-04-01,22.427939577730893
2003-05-01,23.591080453481478
2003-06-01,24.832223259531048
2003-07-01,24.867329101268766
2003-08-01,24.642251409932154
2003-09-01,25.243686752606248
2003-10-01,25.68275607057968
2003-11-01,25.946798218420103
2003-12-01,26.63517051108153
2004-01-01,27.65854035573656
2004-02-01,27.650862036740207
2004-03-01,26.88653038403585
2004-04-01,26.90057750844487
2004-05-01,25.90281429294375
2004-06-01,26.4012853664749
2004-07-01,25.695888646268546
2004-08-01,25.17446222647776
2004-09-01,25.66840677635768
2004-10-01,25.411655665489313
2004-11-01,26.465310814818032
2004-12-01,27.14480869474122
2005-01-01,26.587250697970365
2005-02-01,26.74486312810117
2005-03-01,26.339142131057912
2005-04-01,25.40892256911445
2005-05-01,25.65023018718296
2005-06-01,26.068394871883985
2005-07-01,26.287871091254736
2005-08-01,26.104381410936142
2005-09-01,25.730122990164467
2005-10-01,24.87653872364795
2005-11-01,25.93178330906902
2005-12-01,26.443803114292404
2006-01-01,26.46870262668572
2006-02-01,26.249624763583295
2006-03-01,26.32783777866768
2006-04-01,26.147280943874517
2006-05-01,25.650640708757333
2006-06-01,24.749582241646365
2006-07-01,24.6967867668533
2006-08-01,25.051393562010958
2006-09-01,25.64415644079739
2006-10-01,26.53804028210171
2006-11-01,26.92802027085648
2006-12-01,27.282689787571687
2007-01-01,27.20753665680713
2007-02-01,27.315181413516605
2007-03-01,26.227605554650896
2007-04-01,26.97626831418908
2007-05-01,27.548490451851247
2007-06-01,27.418262740410594
2007-07-01,27.410088167204318
2007-08-01,26.14860718931232
2007-09-01,26.725743047696916
2007-10-01,27.32064813046202
2007-11-01,25.729053579498366
2007-12-01,25.955510105240222
2008-01-01,24.02231776083681
2008-02-01,23.495263401811776
2008-03-01,22.60681084224933
2008-04-01,23.356040643201602
2008-05-01,23.696432116623175
2008-06-01,22.416812802281935
2008-07-01,20.907206462661577
2008-08-01,21.401617360047926
2008-09-01,20.36273394609752
2008-10-01,16.387356548789832
2008-11-01,15.259659405704577
2008-12-01,15.376080747423762
2009-01-01,15.174651936879666
2009-02-01,14.122181801918893
2009-03-01,13.323667656863929
2009-04-01,14.981866453039249
2009-05-01,15.996355755263156
2009-06-01,16.38418281621534
2009-07-01,16.694620816995613
2009-08-01,18.094069801576076
2009-09-01,18.83190226484007
2009-10-01,19.358008443486835
2009-11-01,19.812761079966048
2009-12-01,20.322376500216524
2010-01-01,20.5278598014544
2010-02-01,19.92053930660044
2010-03-01,21.004601209715354
2010-04-01,21.80484559962515
2010-05-01,20.4800686384234
2010-06-01,19.74203985373945
2010-07-01,19.6686604707177
2010-08-01,19.770299174358563
2010-09-01,20.381395233204017
2010-10-01,21.240127651759412
2010-11-01,21.7007238277606
2010-12-01,22.3963797730442
2011-01-01,22.97829943055497
2011-02-01,23.489828703298514
2011-03-01,22.89933643014363
2011-04-01,23.14392944728594
2011-05-01,23.05949150609534
2011-06-01,22.100831286610997
2011-07-01,22.61098170115662
2011-08-01,20.049852721660493
2011-09-01,19.69811456887771
2011-10-01,20.155824786688754
2011-11-01,20.34524679764582
2011-12-01,20.523575499431697
2012-01-01,21.213008091803452
2012-02-01,21.797435963717536
2012-03-01,22.053943972904705
2012-04-01,21.779246906824888
2012-05-01,20.941467419743475
2012-06-01,20.547504086856087
2012-07-01,20.99934129338056
2012-08-01,21.410428453442933
2012-09-01,21.783690301727678
2012-10-01,21.577109654528787
2012-11-01,20.898162059573696
2012-12-01,21.238261139845612
2013-01-01,21.900475413821805
2013-02-01,22.05272433686194
2013-03-01,22.41920711460257
2013-04-01,22.59565539610559
2013-05-01,23.4118417818424
2013-06-01,22.925333173915327
2013-07-01,23.492460177159636
2013-08-01,23.356649094916087
2013-09-01,23.442287167960593
2013-10-01,23.83473788763143
2013-11-01,24.642077092412055
2013-12-01,24.86186929646193
2014-01-01,24.859609093632702
2014-02-01,24.59093087789413
2014-03-01,24.956039153965378
2014-04-01,24.78631539696263
2014-05-01,24.94327410990259
2014-06-01,25.558007623511294
2014-07-01,25.817545976158737
2014-08-01,25.617606421799394
2014-09-01,25.918436892606188
2014-10-01,25.162748283083243
2014-11-01,26.606817147143417
2014-12-01,26.794085482572548
2015-01-01,26.49229542038312
2015-02-01,26.995513699383235
2015-03-01,26.72860545292847
2015-04-01,26.79137168019232
2015-05-01,26.806111379650822
2015-06-01,26.495895292784837
2015-07-01,26.38113633639969
2015-08-01,25.693658417057705
2015-09-01,24.496752170486435
2015-10-01,25.49144104606675
2015-11-01,26.225851890971935
2015-12-01,25.96542403712418
2016-01-01,24.206167203878476
2016-02-01,24.00260677728976
2016-03-01,25.37229862018791
2016-04-01,25.922337543673883
2016-05-01,25.694709923449974
2016-06-01,25.84037292767052
2016-07-01,26.694003256096302
2016-08-01,26.948872433723867
2016-09-01,26.72787334647854
2016-10-01,26.5251430850706
2016-11-01,26.850953531056263
2016-12-01,27.865098223923532
2017-01-01,28.063573742124465
2017-02-01,28.65510652518413
2017-03-01,29.086921742464646
2017-04-01,28.90424595627515
2017-05-01,29.31334498027143
2017-06-01,29.74850324063275
2017-07-01,30.00222074401856
2017-08-01,29.91495939749749
2017-09-01,30.16811441067891
2017-10-01,30.92039329033385
2017-11-01,31.29891333388028
2017-12-01,32.08613200770601
2018-01-01,33.307343828030675
2018-02-01,32.035382339250305
2018-03-01,31.80840905764313
2018-04-01,30.97017929332524
2018-05-01,31.243615074864618
2018-06-01,31.63055649645462
2018-07-01,31.886366962159006
2018-08-01,32.39027688030114
2018-09-01,32.62289112050021
2018-10-01,31.03796107800653
2018-11-01,30.19558340670526
2018-12-01,28.291857012072892
2019-01-01,28.3801644635476
2019-02-01,29.541548965131234
2019-03-01,29.576196014784845
2019-04-01,30.133517171387542
2019-05-01,29.242030936939866
2019-06-01,29.28379627530628
2019-07-01,29.986685335042544
2019-08-01,28.705397371833097
2019-09-01,29.229520233035295
2019-10-01,28.84112288195343
2019-11-01,29.836867659083456
2019-12-01,30.331822322243323
2020-01-01,30.98522030023073
2020-02-01,30.729689264735764
2020-03-01,24.81716862909943
2020-04-01,25.927358825280177
2020-05-01,27.32848099769847
2020-06-01,28.838315955122855
2020-07-01,29.599194927667014
2020-08-01,31.15820896535524
2020-09-01,30.83942604381126
2020-10-01,31.283694032592862
2020-11-01,32.473204096612584
2020-12-01,33.76559141811712
2021-01-01,34.512432294106915
2021-02-01,35.103907171969844
2021-03-01,35.0425451121921
2021-04-01,36.71981410913302
2021-05-01,36.55213398979909
2021-06-01,36.696258013088375
2021-07-01,37.4433831846154
2021-08-01,37.973500614070495
2021-09-01,37.620346686651196
2021-10-01,37.25302500032533
2021-11-01,38.582627497719216
2021-12-01,38.304849873467454
2022-01-01,36.93675807029746
2022-02-01,35.287149225694876
2022-03-01,34.27079869329174
2022-04-01,33.88916475591385
2022-05-01,30.673155079545143
2022-06-01,29.047721395103842
2022-07-01,29.004618317208944
2022-08-01,30.698763365175296
2022-09-01,28.22988465582197
2022-10-01,27.0807669254007
2022-11-01,28.378949016273324
2022-12-01,28.31690128452729
2023-01-01,28.33481342375569
2023-02-01,28.919762943866637
2023-03-01,27.9381312539979
2023-04-01,28.764841267615374
2023-05-01,28.762051343131233
2023-06-01,29.94003164598749
2023-07-01,30.891659813659928
2023-08-01,30.304748245365207
2023-09-01,29.799681861350244
2023-10-01,28.769054954983975
2023-11-01,30.013224817381488
2023-12-01,31.452310923844575
2024-01-01,32.04512301259601
2024-02-01,33.03719268559903
2024-03-01,33.754920176405996
2024-04-01,33.14159303076979
2024-05-01,33.773634540111956
2024-06-01,34.810548780042964
2024-07-01,35.44355307890722
2024-08-01,34.91963134861476
2024-09-01,35.660183635152116
2024-10-01,36.58721052793015
2024-11-01,37.350195655078785
2024-12-01,37.711191696434625
2025-01-01,37.12921985219889
2025-02-01,37.18717559369687
2025-03-01,34.784750339850724
2025-04-01,32.62127034111351
2025-05-01,35.07669704372761
2025-06-01,36.1110921336969
2025-07-01,37.47424619164655
2025-08-01,37.84614504488176
2025-09-01,38.58038732538843
2025-10-01,39.205692171126486
2025-11-01,39.115958246357344
2025-12-01,39.41935320301406
